Filename,PredictedClass
healthy (10).jpg,1
healthy (1003).jpg,1
healthy (1007).jpg,1
healthy (1008).jpg,1
healthy (101).jpg,1
healthy (1010).jpg,1
healthy (1011).jpg,1
healthy (1012).jpg,1
healthy (1013).jpg,1
healthy (1016).jpg,1
healthy (1019).jpg,1
healthy (1020).jpg,1
healthy (1022).jpg,1
healthy (1023).jpg,1
healthy (1024).jpg,1
healthy (1030).jpg,1
healthy (1032).jpg,1
healthy (1035).jpg,1
healthy (1036).jpg,1
healthy (1037).jpg,1
healthy (104).jpg,1
healthy (1043).jpg,1
healthy (1045).jpg,1
healthy (1046).jpg,1
healthy (1047).jpg,1
healthy (1049).jpg,1
healthy (105).jpg,1
healthy (1055).jpg,1
healthy (1057).jpg,1
healthy (106).jpg,1
healthy (1061).jpg,1
healthy (1062).jpg,1
healthy (1064).jpg,1
healthy (1066).jpg,1
healthy (1068).jpg,1
healthy (107).jpg,1
healthy (1070).jpg,1
healthy (1078).jpg,1
healthy (1082).jpg,1
healthy (1086).jpg,1
healthy (1087).jpg,1
healthy (1088).jpg,1
healthy (109).jpg,1
healthy (1091).jpg,1
healthy (1094).jpg,1
healthy (1097).jpg,1
healthy (1098).jpg,1
healthy (11).jpg,1
healthy (110).jpg,1
healthy (1100).jpg,1
healthy (1101).jpg,1
healthy (1104).jpg,1
healthy (1108).jpg,1
healthy (1109).jpg,1
healthy (111).jpg,1
healthy (1113).jpg,1
healthy (1114).jpg,1
healthy (1117).jpg,1
healthy (1118).jpg,1
healthy (1119).jpg,1
healthy (1122).jpg,1
healthy (1123).jpg,1
healthy (1124).jpg,1
healthy (1125).jpg,1
healthy (1128).jpg,1
healthy (1131).jpg,1
healthy (1132).jpg,1
healthy (1136).jpg,1
healthy (1138).jpg,1
healthy (1141).jpg,1
healthy (1143).jpg,1
healthy (1146).jpg,1
healthy (1148).jpg,1
healthy (1149).jpg,1
healthy (1154).jpg,1
healthy (1155).jpg,1
healthy (1156).jpg,1
healthy (1157).jpg,1
healthy (1159).jpg,1
healthy (116).jpg,1
healthy (1161).jpg,1
healthy (1162).jpg,1
healthy (1164).jpg,1
healthy (1165).jpg,1
healthy (1167).jpg,1
healthy (1169).jpg,1
healthy (117).jpg,1
healthy (1170).jpg,1
healthy (1173).jpg,1
healthy (1175).jpg,1
healthy (1178).jpg,1
healthy (118).jpg,1
healthy (1182).jpg,1
healthy (1183).jpg,1
healthy (1184).jpg,1
healthy (1189).jpg,1
healthy (1193).jpg,1
healthy (1195).jpg,1
healthy (1197).jpg,1
healthy (1199).jpg,1
healthy (12).jpg,1
healthy (1204).jpg,1
healthy (1205).jpg,1
healthy (1206).jpg,1
healthy (1207).jpg,1
healthy (1208).jpg,1
healthy (1209).jpg,1
healthy (121).jpg,1
healthy (1210).jpg,1
healthy (1211).jpg,1
healthy (1214).jpg,1
healthy (1216).jpg,1
healthy (1217).jpg,1
healthy (1218).jpg,1
healthy (122).jpg,1
healthy (1222).jpg,1
healthy (1223).jpg,1
healthy (1226).jpg,1
healthy (1228).jpg,1
healthy (123).jpg,1
healthy (1230).jpg,1
healthy (1232).jpg,1
healthy (1234).jpg,1
healthy (1236).jpg,1
healthy (1237).jpg,1
healthy (1238).jpg,1
healthy (1240).jpg,1
healthy (1241).jpg,1
healthy (1243).jpg,1
healthy (1247).jpg,1
healthy (1248).jpg,1
healthy (1251).jpg,1
healthy (1254).jpg,1
healthy (1256).jpg,1
healthy (1258).jpg,1
healthy (1259).jpg,1
healthy (1260).jpg,1
healthy (1264).jpg,1
healthy (1267).jpg,1
healthy (1269).jpg,1
healthy (1272).jpg,1
healthy (1273).jpg,1
healthy (1274).jpg,1
healthy (1276).jpg,1
healthy (1279).jpg,1
healthy (1280).jpg,1
healthy (1285).jpg,1
healthy (1288).jpg,1
healthy (1289).jpg,1
healthy (1291).jpg,1
healthy (1295).jpg,1
healthy (1297).jpg,1
healthy (130).jpg,1
healthy (1300).jpg,1
healthy (1302).jpg,1
healthy (1303).jpg,1
healthy (1305).jpg,1
healthy (1306).jpg,1
healthy (1308).jpg,1
healthy (1311).jpg,1
healthy (1312).jpg,1
healthy (1314).jpg,1
healthy (1316).jpg,1
healthy (1317).jpg,1
healthy (1319).jpg,1
healthy (1320).jpg,1
healthy (1322).jpg,1
healthy (1323).jpg,1
healthy (1326).jpg,1
healthy (1327).jpg,1
healthy (1328).jpg,1
healthy (133).jpg,1
healthy (1330).jpg,1
healthy (1332).jpg,0
healthy (1334).jpg,1
healthy (1337).jpg,1
healthy (1338).jpg,1
healthy (1339).jpg,0
healthy (134).jpg,1
healthy (1341).jpg,1
healthy (1342).jpg,0
healthy (1345).jpg,1
healthy (1347).jpg,1
healthy (1349).jpg,1
healthy (135).jpg,1
healthy (1350).jpg,1
healthy (1353).jpg,1
healthy (1354).jpg,1
healthy (1355).jpg,1
healthy (1358).jpg,1
healthy (1361).jpg,1
healthy (1362).jpg,1
healthy (1364).jpg,1
healthy (1366).jpg,1
healthy (1368).jpg,1
healthy (1369).jpg,1
healthy (1373).jpg,1
healthy (1375).jpg,1
healthy (1376).jpg,1
healthy (1378).jpg,1
healthy (138).jpg,1
healthy (1380).jpg,1
healthy (1382).jpg,1
healthy (1383).jpg,1
healthy (1386).jpg,1
healthy (1387).jpg,1
healthy (1390).jpg,1
healthy (1392).jpg,1
healthy (1393).jpg,1
healthy (1394).jpg,1
healthy (1395).jpg,1
healthy (1396).jpg,1
healthy (1397).jpg,1
healthy (1398).jpg,1
healthy (14).jpg,1
healthy (1400).jpg,1
healthy (1401).jpg,1
healthy (1402).jpg,1
healthy (1403).jpg,1
healthy (1405).jpg,1
healthy (1408).jpg,1
healthy (1411).jpg,1
healthy (1412).jpg,1
healthy (1414).jpg,1
healthy (1416).jpg,1
healthy (142).jpg,1
healthy (1420).jpg,1
healthy (1421).jpg,1
healthy (1423).jpg,1
healthy (1424).jpg,1
healthy (1425).jpg,1
healthy (1429).jpg,1
healthy (143).jpg,1
healthy (1431).jpg,1
healthy (1434).jpg,1
healthy (1436).jpg,1
healthy (1437).jpg,1
healthy (1439).jpg,1
healthy (144).jpg,1
healthy (1440).jpg,1
healthy (1441).jpg,1
healthy (1442).jpg,1
healthy (1443).jpg,1
healthy (1444).jpg,1
healthy (1445).jpg,1
healthy (1446).jpg,1
healthy (1447).jpg,1
healthy (1449).jpg,1
healthy (1451).jpg,1
healthy (1452).jpg,1
healthy (1453).jpg,1
healthy (1454).jpg,0
healthy (1455).jpg,1
healthy (1456).jpg,1
healthy (146).jpg,1
healthy (1460).jpg,1
healthy (1461).jpg,1
healthy (1462).jpg,0
healthy (1463).jpg,1
healthy (1464).jpg,1
healthy (1465).jpg,1
healthy (1468).jpg,1
healthy (147).jpg,1
healthy (1471).jpg,1
healthy (1472).jpg,1
healthy (1473).jpg,1
healthy (1477).jpg,1
healthy (1478).jpg,1
healthy (148).jpg,1
healthy (1483).jpg,1
healthy (1484).jpg,1
healthy (1485).jpg,1
healthy (1486).jpg,1
healthy (1488).jpg,1
healthy (1489).jpg,1
healthy (149).jpg,1
healthy (1491).jpg,1
healthy (1493).jpg,1
healthy (1494).jpg,1
healthy (1495).jpg,1
healthy (1499).jpg,1
healthy (150).jpg,1
healthy (1500).jpg,1
healthy (1501).jpg,1
healthy (1503).jpg,1
healthy (1505).jpg,1
healthy (1506).jpg,1
healthy (1509).jpg,1
healthy (1510).jpg,1
healthy (1512).jpg,1
healthy (1513).jpg,1
healthy (1514).jpg,1
healthy (1515).jpg,1
healthy (1516).jpg,1
healthy (1517).jpg,1
healthy (1519).jpg,1
healthy (1523).jpg,1
healthy (1524).jpg,1
healthy (1526).jpg,1
healthy (1531).jpg,1
healthy (1532).jpg,1
healthy (1534).jpg,1
healthy (1536).jpg,1
healthy (1537).jpg,1
healthy (1538).jpg,1
healthy (1543).jpg,1
healthy (1545).jpg,1
healthy (1546).jpg,1
healthy (1547).jpg,1
healthy (1548).jpg,1
healthy (1549).jpg,1
healthy (155).jpg,1
healthy (1550).jpg,1
healthy (1552).jpg,1
healthy (1554).jpg,1
healthy (1555).jpg,1
healthy (1557).jpg,1
healthy (1558).jpg,1
healthy (1559).jpg,1
healthy (1564).jpg,1
healthy (1565).jpg,1
healthy (1567).jpg,1
healthy (1573).jpg,1
healthy (1575).jpg,1
healthy (1576).jpg,1
healthy (16).jpg,1
healthy (161).jpg,1
healthy (162).jpg,1
healthy (165).jpg,1
healthy (171).jpg,1
healthy (172).jpg,1
healthy (173).jpg,1
healthy (175).jpg,1
healthy (178).jpg,1
healthy (180).jpg,1
healthy (181).jpg,1
healthy (182).jpg,1
healthy (183).jpg,1
healthy (189).jpg,1
healthy (19).jpg,1
healthy (192).jpg,1
healthy (194).jpg,1
healthy (195).jpg,1
healthy (197).jpg,1
healthy (198).jpg,1
healthy (199).jpg,1
healthy (2).jpg,1
healthy (20).jpg,1
healthy (201).jpg,1
healthy (202).jpg,1
healthy (204).jpg,1
healthy (205).jpg,1
healthy (206).jpg,1
healthy (208).jpg,1
healthy (209).jpg,1
healthy (21).jpg,1
healthy (212).jpg,1
healthy (214).jpg,1
healthy (217).jpg,1
healthy (219).jpg,1
healthy (22).jpg,1
healthy (220).jpg,1
healthy (221).jpg,1
healthy (229).jpg,1
healthy (231).jpg,1
healthy (238).jpg,1
healthy (239).jpg,1
healthy (24).jpg,1
healthy (240).jpg,1
healthy (242).jpg,1
healthy (243).jpg,1
healthy (245).jpg,1
healthy (25).jpg,1
healthy (251).jpg,1
healthy (252).jpg,1
healthy (26).jpg,1
healthy (264).jpg,1
healthy (265).jpg,1
healthy (266).jpg,1
healthy (267).jpg,1
healthy (269).jpg,1
healthy (276).jpg,1
healthy (278).jpg,1
healthy (279).jpg,1
healthy (28).jpg,1
healthy (281).jpg,1
healthy (283).jpg,1
healthy (285).jpg,1
healthy (286).jpg,1
healthy (287).jpg,1
healthy (288).jpg,1
healthy (29).jpg,1
healthy (290).jpg,1
healthy (291).jpg,1
healthy (294).jpg,1
healthy (295).jpg,1
healthy (3).jpg,1
healthy (301).jpg,1
healthy (302).jpg,1
healthy (305).jpg,1
healthy (308).jpg,1
healthy (309).jpg,1
healthy (310).jpg,1
healthy (312).jpg,1
healthy (314).jpg,1
healthy (316).jpg,1
healthy (317).jpg,1
healthy (318).jpg,1
healthy (319).jpg,1
healthy (322).jpg,1
healthy (323).jpg,1
healthy (324).jpg,1
healthy (325).jpg,1
healthy (327).jpg,1
healthy (33).jpg,1
healthy (330).jpg,1
healthy (331).jpg,1
healthy (333).jpg,1
healthy (336).jpg,1
healthy (340).jpg,1
healthy (341).jpg,1
healthy (343).jpg,1
healthy (344).jpg,1
healthy (346).jpg,1
healthy (347).jpg,1
healthy (349).jpg,1
healthy (351).jpg,1
healthy (352).jpg,1
healthy (354).jpg,1
healthy (357).jpg,1
healthy (362).jpg,1
healthy (363).jpg,1
healthy (365).jpg,1
healthy (366).jpg,1
healthy (368).jpg,1
healthy (369).jpg,1
healthy (373).jpg,1
healthy (374).jpg,1
healthy (375).jpg,1
healthy (380).jpg,1
healthy (381).jpg,1
healthy (385).jpg,1
healthy (389).jpg,1
healthy (390).jpg,1
healthy (391).jpg,1
healthy (394).jpg,1
healthy (396).jpg,1
healthy (397).jpg,1
healthy (398).jpg,1
healthy (4).jpg,1
healthy (40).jpg,1
healthy (401).jpg,1
healthy (404).jpg,1
healthy (406).jpg,1
healthy (409).jpg,1
healthy (411).jpg,1
healthy (412).jpg,1
healthy (413).jpg,1
healthy (415).jpg,1
healthy (416).jpg,1
healthy (417).jpg,1
healthy (419).jpg,1
healthy (42).jpg,1
healthy (420).jpg,1
healthy (421).jpg,1
healthy (423).jpg,1
healthy (426).jpg,1
healthy (427).jpg,1
healthy (428).jpg,1
healthy (430).jpg,1
healthy (431).jpg,1
healthy (432).jpg,1
healthy (433).jpg,1
healthy (44).jpg,1
healthy (445).jpg,1
healthy (446).jpg,1
healthy (448).jpg,1
healthy (450).jpg,1
healthy (454).jpg,1
healthy (455).jpg,1
healthy (456).jpg,1
healthy (457).jpg,1
healthy (459).jpg,1
healthy (460).jpg,1
healthy (463).jpg,1
healthy (468).jpg,1
healthy (469).jpg,1
healthy (47).jpg,1
healthy (472).jpg,1
healthy (473).jpg,1
healthy (474).jpg,1
healthy (476).jpg,1
healthy (477).jpg,1
healthy (48).jpg,1
healthy (480).jpg,1
healthy (481).jpg,1
healthy (485).jpg,1
healthy (487).jpg,1
healthy (49).jpg,1
healthy (490).jpg,1
healthy (491).jpg,1
healthy (492).jpg,1
healthy (493).jpg,1
healthy (497).jpg,1
healthy (500).jpg,1
healthy (504).jpg,1
healthy (506).jpg,1
healthy (507).jpg,1
healthy (509).jpg,1
healthy (510).jpg,1
healthy (511).jpg,1
healthy (512).jpg,1
healthy (515).jpg,1
healthy (516).jpg,1
healthy (518).jpg,1
healthy (519).jpg,1
healthy (520).jpg,1
healthy (521).jpg,1
healthy (523).jpg,1
healthy (524).jpg,1
healthy (527).jpg,1
healthy (528).jpg,1
healthy (53).jpg,1
healthy (531).jpg,1
healthy (532).jpg,1
healthy (534).jpg,1
healthy (535).jpg,1
healthy (537).jpg,1
healthy (538).jpg,1
healthy (539).jpg,1
healthy (542).jpg,1
healthy (543).jpg,1
healthy (544).jpg,1
healthy (545).jpg,1
healthy (548).jpg,1
healthy (549).jpg,1
healthy (55).jpg,1
healthy (555).jpg,1
healthy (556).jpg,1
healthy (557).jpg,1
healthy (561).jpg,1
healthy (564).jpg,1
healthy (566).jpg,1
healthy (568).jpg,1
healthy (57).jpg,1
healthy (571).jpg,1
healthy (572).jpg,1
healthy (579).jpg,1
healthy (580).jpg,1
healthy (587).jpg,1
healthy (588).jpg,1
healthy (59).jpg,1
healthy (594).jpg,1
healthy (596).jpg,1
healthy (597).jpg,1
healthy (598).jpg,1
healthy (6).jpg,1
healthy (60).jpg,1
healthy (600).jpg,1
healthy (601).jpg,1
healthy (602).jpg,1
healthy (603).jpg,1
healthy (604).jpg,1
healthy (605).jpg,1
healthy (607).jpg,1
healthy (608).jpg,1
healthy (610).jpg,1
healthy (611).jpg,1
healthy (613).jpg,1
healthy (615).jpg,1
healthy (617).jpg,1
healthy (618).jpg,1
healthy (619).jpg,1
healthy (62).jpg,1
healthy (621).jpg,1
healthy (623).jpg,1
healthy (624).jpg,1
healthy (625).jpg,1
healthy (628).jpg,1
healthy (629).jpg,1
healthy (630).jpg,1
healthy (631).jpg,1
healthy (632).jpg,1
healthy (633).jpg,1
healthy (634).jpg,1
healthy (636).jpg,1
healthy (638).jpg,1
healthy (639).jpg,1
healthy (64).jpg,1
healthy (640).jpg,1
healthy (641).jpg,1
healthy (643).jpg,1
healthy (646).jpg,1
healthy (649).jpg,1
healthy (650).jpg,1
healthy (652).jpg,1
healthy (657).jpg,1
healthy (658).jpg,1
healthy (66).jpg,1
healthy (661).jpg,1
healthy (665).jpg,1
healthy (669).jpg,1
healthy (67).jpg,1
healthy (673).jpg,1
healthy (674).jpg,1
healthy (677).jpg,1
healthy (678).jpg,1
healthy (679).jpg,1
healthy (681).jpg,1
healthy (683).jpg,1
healthy (685).jpg,1
healthy (686).jpg,1
healthy (687).jpg,1
healthy (689).jpg,1
healthy (692).jpg,1
healthy (693).jpg,1
healthy (694).jpg,1
healthy (695).jpg,1
healthy (697).jpg,1
healthy (7).jpg,1
healthy (702).jpg,1
healthy (704).jpg,1
healthy (705).jpg,1
healthy (71).jpg,1
healthy (710).jpg,1
healthy (711).jpg,1
healthy (712).jpg,1
healthy (713).jpg,1
healthy (716).jpg,1
healthy (718).jpg,1
healthy (72).jpg,1
healthy (720).jpg,1
healthy (723).jpg,1
healthy (726).jpg,1
healthy (728).jpg,1
healthy (729).jpg,1
healthy (73).jpg,1
healthy (731).jpg,1
healthy (734).jpg,1
healthy (735).jpg,1
healthy (736).jpg,1
healthy (737).jpg,1
healthy (738).jpg,1
healthy (740).jpg,1
healthy (742).jpg,1
healthy (743).jpg,1
healthy (745).jpg,1
healthy (746).jpg,1
healthy (750).jpg,1
healthy (751).jpg,1
healthy (753).jpg,1
healthy (755).jpg,1
healthy (756).jpg,1
healthy (758).jpg,1
healthy (76).jpg,1
healthy (763).jpg,1
healthy (764).jpg,1
healthy (765).jpg,1
healthy (769).jpg,1
healthy (77).jpg,1
healthy (770).jpg,1
healthy (773).jpg,1
healthy (775).jpg,1
healthy (776).jpg,1
healthy (777).jpg,1
healthy (78).jpg,1
healthy (780).jpg,1
healthy (782).jpg,1
healthy (783).jpg,1
healthy (784).jpg,1
healthy (785).jpg,1
healthy (786).jpg,1
healthy (788).jpg,1
healthy (789).jpg,1
healthy (79).jpg,1
healthy (791).jpg,1
healthy (792).jpg,1
healthy (793).jpg,1
healthy (796).jpg,1
healthy (8).jpg,1
healthy (801).jpg,1
healthy (805).jpg,1
healthy (806).jpg,1
healthy (807).jpg,1
healthy (809).jpg,1
healthy (81).jpg,1
healthy (810).jpg,1
healthy (811).jpg,1
healthy (812).jpg,1
healthy (813).jpg,1
healthy (814).jpg,1
healthy (816).jpg,1
healthy (819).jpg,1
healthy (82).jpg,1
healthy (822).jpg,1
healthy (823).jpg,1
healthy (824).jpg,1
healthy (826).jpg,1
healthy (829).jpg,1
healthy (83).jpg,1
healthy (830).jpg,1
healthy (831).jpg,1
healthy (832).jpg,1
healthy (835).jpg,1
healthy (837).jpg,1
healthy (838).jpg,1
healthy (843).jpg,1
healthy (844).jpg,1
healthy (845).jpg,1
healthy (848).jpg,1
healthy (849).jpg,1
healthy (850).jpg,1
healthy (853).jpg,1
healthy (854).jpg,1
healthy (856).jpg,1
healthy (857).jpg,1
healthy (859).jpg,1
healthy (860).jpg,1
healthy (861).jpg,1
healthy (862).jpg,1
healthy (866).jpg,1
healthy (867).jpg,1
healthy (869).jpg,1
healthy (87).jpg,1
healthy (871).jpg,1
healthy (872).jpg,1
healthy (873).jpg,1
healthy (875).jpg,1
healthy (878).jpg,1
healthy (879).jpg,1
healthy (88).jpg,1
healthy (881).jpg,1
healthy (882).jpg,1
healthy (884).jpg,1
healthy (885).jpg,1
healthy (886).jpg,1
healthy (888).jpg,1
healthy (891).jpg,1
healthy (894).jpg,1
healthy (895).jpg,1
healthy (897).jpg,1
healthy (898).jpg,1
healthy (9).jpg,1
healthy (900).jpg,1
healthy (901).jpg,1
healthy (902).jpg,1
healthy (906).jpg,1
healthy (91).jpg,1
healthy (912).jpg,1
healthy (913).jpg,1
healthy (914).jpg,1
healthy (915).jpg,1
healthy (917).jpg,1
healthy (918).jpg,1
healthy (920).jpg,1
healthy (921).jpg,1
healthy (924).jpg,1
healthy (926).jpg,1
healthy (927).jpg,1
healthy (930).jpg,1
healthy (931).jpg,1
healthy (933).jpg,1
healthy (934).jpg,1
healthy (936).jpg,1
healthy (939).jpg,1
healthy (94).jpg,1
healthy (940).jpg,1
healthy (941).jpg,1
healthy (942).jpg,1
healthy (944).jpg,1
healthy (948).jpg,1
healthy (949).jpg,1
healthy (950).jpg,1
healthy (951).jpg,1
healthy (953).jpg,1
healthy (955).jpg,1
healthy (957).jpg,1
healthy (958).jpg,1
healthy (959).jpg,1
healthy (960).jpg,1
healthy (961).jpg,1
healthy (965).jpg,1
healthy (966).jpg,1
healthy (967).jpg,1
healthy (968).jpg,1
healthy (97).jpg,1
healthy (971).jpg,1
healthy (973).jpg,1
healthy (976).jpg,1
healthy (978).jpg,1
healthy (979).jpg,1
healthy (98).jpg,1
healthy (983).jpg,1
healthy (985).jpg,1
healthy (986).jpg,1
healthy (988).jpg,1
healthy (991).jpg,1
healthy (992).jpg,1
healthy (994).jpg,1
healthy (998).jpg,1
unripe (1).jpg,1
unripe (10).jpg,1
unripe (100).jpg,1
unripe (101).jpg,1
unripe (102).jpg,1
unripe (103).jpg,1
unripe (104).jpg,1
unripe (105).jpg,1
unripe (106).jpg,1
unripe (107).jpg,1
unripe (108).jpg,1
unripe (109).jpg,1
unripe (11).jpg,1
unripe (110).jpg,1
unripe (111).jpg,1
unripe (112).jpg,1
unripe (113).jpg,1
unripe (114).jpg,1
unripe (115).jpg,1
unripe (116).jpg,1
unripe (117).jpg,1
unripe (118).jpg,1
unripe (119).jpg,1
unripe (12).jpg,1
unripe (120).jpg,1
unripe (121).jpg,1
unripe (122).jpg,1
unripe (123).jpg,1
unripe (124).jpg,1
unripe (125).jpg,1
unripe (126).jpg,1
unripe (127).jpg,1
unripe (128).jpg,1
unripe (129).jpg,1
unripe (13).jpg,1
unripe (130).jpg,1
unripe (131).jpg,1
unripe (132).jpg,1
unripe (133).jpg,1
unripe (134).jpg,1
unripe (135).jpg,1
unripe (136).jpg,1
unripe (137).jpg,1
unripe (138).jpg,1
unripe (139).jpg,1
unripe (14).jpg,1
unripe (140).jpg,1
unripe (141).jpg,1
unripe (142).jpg,1
unripe (143).jpg,1
unripe (144).jpg,1
unripe (145).jpg,1
unripe (146).jpg,1
unripe (147).jpg,1
unripe (148).jpg,1
unripe (149).jpg,1
unripe (15).jpg,1
unripe (150).jpg,1
unripe (151).jpg,1
unripe (152).jpg,1
unripe (153).jpg,1
unripe (154).jpg,1
unripe (155).jpg,1
unripe (156).jpg,1
unripe (157).jpg,1
unripe (158).jpg,1
unripe (159).jpg,1
unripe (16).jpg,1
unripe (160).jpg,1
unripe (161).jpg,1
unripe (162).jpg,1
unripe (163).jpg,1
unripe (164).jpg,1
unripe (165).jpg,1
unripe (166).jpg,1
unripe (167).jpg,1
unripe (168).jpg,1
unripe (169).jpg,1
unripe (17).jpg,1
unripe (170).jpg,1
unripe (171).jpg,1
unripe (172).jpg,1
unripe (173).jpg,1
unripe (174).jpg,1
unripe (175).jpg,1
unripe (176).jpg,1
unripe (177).jpg,1
unripe (178).jpg,1
unripe (179).jpg,1
unripe (18).jpg,1
unripe (180).jpg,1
unripe (181).jpg,1
unripe (182).jpg,1
unripe (183).jpg,1
unripe (184).jpg,1
unripe (185).jpg,1
unripe (186).jpg,1
unripe (187).jpg,1
unripe (188).jpg,1
unripe (189).jpg,1
unripe (19).jpg,1
unripe (190).jpg,1
unripe (191).jpg,1
unripe (192).jpg,1
unripe (193).jpg,1
unripe (194).jpg,1
unripe (195).jpg,1
unripe (196).jpg,1
unripe (197).jpg,1
unripe (198).jpg,1
unripe (199).jpg,1
unripe (2).jpg,1
unripe (20).jpg,1
unripe (200).jpg,1
unripe (201).jpg,1
unripe (202).jpg,1
unripe (203).jpg,1
unripe (204).jpg,1
unripe (205).jpg,1
unripe (206).jpg,1
unripe (207).jpg,1
unripe (208).jpg,1
unripe (209).jpg,1
unripe (21).jpg,1
unripe (210).jpg,1
unripe (211).jpg,1
unripe (212).jpg,1
unripe (213).jpg,1
unripe (214).jpg,1
unripe (215).jpg,1
unripe (216).jpg,1
unripe (217).jpg,1
unripe (218).jpg,1
unripe (219).jpg,1
unripe (22).jpg,1
unripe (220).jpg,1
unripe (221).jpg,1
unripe (222).jpg,1
unripe (223).jpg,1
unripe (224).jpg,1
unripe (225).jpg,1
unripe (226).jpg,1
unripe (227).jpg,1
unripe (228).jpg,1
unripe (229).jpg,1
unripe (23).jpg,1
unripe (230).jpg,1
unripe (231).jpg,1
unripe (232).jpg,1
unripe (233).jpg,1
unripe (234).jpg,1
unripe (235).jpg,1
unripe (236).jpg,1
unripe (237).jpg,1
unripe (238).jpg,1
unripe (239).jpg,1
unripe (24).jpg,1
unripe (240).jpg,1
unripe (241).jpg,1
unripe (242).jpg,1
unripe (243).jpg,1
unripe (244).jpg,1
unripe (245).jpg,1
unripe (246).jpg,1
unripe (247).jpg,1
unripe (248).jpg,1
unripe (249).jpg,1
unripe (25).jpg,1
unripe (250).jpg,1
unripe (251).jpg,1
unripe (252).jpg,1
unripe (253).jpg,1
unripe (254).jpg,1
unripe (255).jpg,1
unripe (256).jpg,1
unripe (257).jpg,1
unripe (258).jpg,1
unripe (259).jpg,1
unripe (26).jpg,1
unripe (260).jpg,1
unripe (261).jpg,1
unripe (262).jpg,1
unripe (263).jpg,1
unripe (264).jpg,1
unripe (265).jpg,1
unripe (266).jpg,1
unripe (267).jpg,1
unripe (268).jpg,1
unripe (269).jpg,1
unripe (27).jpg,1
unripe (270).jpg,1
unripe (271).jpg,1
unripe (272).jpg,1
unripe (273).jpg,1
unripe (274).jpg,1
unripe (275).jpg,1
unripe (276).jpg,1
unripe (277).jpg,1
unripe (278).jpg,1
unripe (279).jpg,1
unripe (28).jpg,1
unripe (280).jpg,1
unripe (281).jpg,1
unripe (282).jpg,1
unripe (283).jpg,1
unripe (284).jpg,1
unripe (285).jpg,1
unripe (286).jpg,1
unripe (287).jpg,1
unripe (288).jpg,1
unripe (289).jpg,1
unripe (29).jpg,1
unripe (290).jpg,1
unripe (291).jpg,1
unripe (292).jpg,1
unripe (293).jpg,1
unripe (294).jpg,1
unripe (295).jpg,1
unripe (296).jpg,1
unripe (297).jpg,1
unripe (298).jpg,1
unripe (299).jpg,1
unripe (3).jpg,1
unripe (30).jpg,1
unripe (300).jpg,1
unripe (301).jpg,1
unripe (302).jpg,1
unripe (303).jpg,1
unripe (304).jpg,1
unripe (305).jpg,1
unripe (306).jpg,1
unripe (307).jpg,1
unripe (308).jpg,1
unripe (309).jpg,1
unripe (31).jpg,1
unripe (310).jpg,1
unripe (311).jpg,1
unripe (312).jpg,1
unripe (313).jpg,1
unripe (314).jpg,1
unripe (315).jpg,1
unripe (316).jpg,1
unripe (317).jpg,1
unripe (318).jpg,1
unripe (319).jpg,1
unripe (32).jpg,1
unripe (320).jpg,1
unripe (321).jpg,1
unripe (322).jpg,1
unripe (323).jpg,1
unripe (324).jpg,1
unripe (325).jpg,1
unripe (326).jpg,1
unripe (327).jpg,1
unripe (328).jpg,1
unripe (329).jpg,1
unripe (33).jpg,1
unripe (330).jpg,1
unripe (331).jpg,1
unripe (332).jpg,1
unripe (333).jpg,1
unripe (334).jpg,1
unripe (335).jpg,1
unripe (336).jpg,1
unripe (337).jpg,1
unripe (338).jpg,1
unripe (339).jpg,1
unripe (34).jpg,1
unripe (340).jpg,1
unripe (341).jpg,1
unripe (342).jpg,1
unripe (343).jpg,1
unripe (344).jpg,1
unripe (345).jpg,1
unripe (346).jpg,1
unripe (347).jpg,1
unripe (348).jpg,1
unripe (349).jpg,1
unripe (35).jpg,1
unripe (350).jpg,1
unripe (351).jpg,1
unripe (352).jpg,1
unripe (353).jpg,1
unripe (354).jpg,1
unripe (355).jpg,1
unripe (356).jpg,1
unripe (357).jpg,1
unripe (358).jpg,1
unripe (359).jpg,1
unripe (36).jpg,1
unripe (360).jpg,1
unripe (361).jpg,1
unripe (362).jpg,1
unripe (363).jpg,1
unripe (364).jpg,1
unripe (365).jpg,1
unripe (366).jpg,1
unripe (367).jpg,1
unripe (368).jpg,1
unripe (369).jpg,1
unripe (37).jpg,1
unripe (370).jpg,1
unripe (371).jpg,1
unripe (372).jpg,1
unripe (373).jpg,1
unripe (374).jpg,1
unripe (375).jpg,1
unripe (376).jpg,1
unripe (377).jpg,1
unripe (378).jpg,1
unripe (379).jpg,1
unripe (38).jpg,1
unripe (380).jpg,1
unripe (381).jpg,1
unripe (382).jpg,1
unripe (383).jpg,1
unripe (384).jpg,1
unripe (385).jpg,1
unripe (386).jpg,1
unripe (387).jpg,1
unripe (388).jpg,1
unripe (389).jpg,1
unripe (39).jpg,1
unripe (390).jpg,1
unripe (391).jpg,1
unripe (392).jpg,1
unripe (393).jpg,1
unripe (394).jpg,1
unripe (395).jpg,1
unripe (396).jpg,1
unripe (397).jpg,1
unripe (398).jpg,1
unripe (399).jpg,1
unripe (4).jpg,1
unripe (40).jpg,1
unripe (400).jpg,1
unripe (401).jpg,1
unripe (402).jpg,1
unripe (403).jpg,1
unripe (404).jpg,1
unripe (405).jpg,1
unripe (406).jpg,1
unripe (407).jpg,1
unripe (408).jpg,1
unripe (409).jpg,1
unripe (41).jpg,1
unripe (410).jpg,1
unripe (411).jpg,1
unripe (412).jpg,1
unripe (413).jpg,1
unripe (414).jpg,1
unripe (415).jpg,1
unripe (416).jpg,1
unripe (417).jpg,1
unripe (418).jpg,1
unripe (419).jpg,1
unripe (42).jpg,1
unripe (420).jpg,1
unripe (421).jpg,1
unripe (422).jpg,1
unripe (423).jpg,1
unripe (424).jpg,1
unripe (425).jpg,1
unripe (426).jpg,1
unripe (427).jpg,1
unripe (428).jpg,1
unripe (429).jpg,1
unripe (43).jpg,1
unripe (430).jpg,1
unripe (431).jpg,1
unripe (432).jpg,1
unripe (433).jpg,1
unripe (434).jpg,1
unripe (435).jpg,1
unripe (436).jpg,1
unripe (437).jpg,1
unripe (438).jpg,1
unripe (439).jpg,1
unripe (44).jpg,1
unripe (440).jpg,1
unripe (441).jpg,1
unripe (442).jpg,1
unripe (443).jpg,1
unripe (444).jpg,1
unripe (445).jpg,1
unripe (446).jpg,1
unripe (447).jpg,1
unripe (448).jpg,1
unripe (449).jpg,1
unripe (45).jpg,1
unripe (450).jpg,1
unripe (451).jpg,1
unripe (452).jpg,1
unripe (453).jpg,1
unripe (454).jpg,1
unripe (455).jpg,1
unripe (456).jpg,1
unripe (457).jpg,1
unripe (458).jpg,1
unripe (459).jpg,1
unripe (46).jpg,1
unripe (460).jpg,1
unripe (461).jpg,1
unripe (462).jpg,1
unripe (463).jpg,1
unripe (464).jpg,1
unripe (465).jpg,1
unripe (466).jpg,1
unripe (467).jpg,1
unripe (468).jpg,1
unripe (469).jpg,1
unripe (47).jpg,1
unripe (470).jpg,1
unripe (471).jpg,1
unripe (472).jpg,1
unripe (473).jpg,1
unripe (474).jpg,1
unripe (475).jpg,1
unripe (476).jpg,1
unripe (477).jpg,1
unripe (478).jpg,1
unripe (479).jpg,1
unripe (48).jpg,1
unripe (480).jpg,1
unripe (481).jpg,1
unripe (482).jpg,1
unripe (483).jpg,1
unripe (484).jpg,1
unripe (485).jpg,1
unripe (486).jpg,1
unripe (487).jpg,1
unripe (488).jpg,1
unripe (489).jpg,1
unripe (49).jpg,1
unripe (490).jpg,1
unripe (491).jpg,1
unripe (492).jpg,1
unripe (493).jpg,1
unripe (494).jpg,1
unripe (495).jpg,1
unripe (496).jpg,1
unripe (497).jpg,1
unripe (498).jpg,1
unripe (499).jpg,1
unripe (5).jpg,1
unripe (50).jpg,1
unripe (500).jpg,1
unripe (501).jpg,1
unripe (502).jpg,1
unripe (503).jpg,1
unripe (504).jpg,1
unripe (505).jpg,1
unripe (506).jpg,1
unripe (507).jpg,1
unripe (508).jpg,1
unripe (509).jpg,1
unripe (51).jpg,1
unripe (510).jpg,1
unripe (511).jpg,1
unripe (512).jpg,1
unripe (513).jpg,1
unripe (514).jpg,1
unripe (515).jpg,1
unripe (516).jpg,1
unripe (517).jpg,1
unripe (518).jpg,1
unripe (519).jpg,1
unripe (52).jpg,1
unripe (520).jpg,1
unripe (521).jpg,1
unripe (522).jpg,1
unripe (523).jpg,1
unripe (524).jpg,1
unripe (525).jpg,1
unripe (526).jpg,1
unripe (527).jpg,1
unripe (528).jpg,1
unripe (529).jpg,1
unripe (53).jpg,1
unripe (530).jpg,1
unripe (531).jpg,1
unripe (532).jpg,1
unripe (533).jpg,1
unripe (534).jpg,1
unripe (535).jpg,1
unripe (536).jpg,1
unripe (537).jpg,1
unripe (538).jpg,1
unripe (539).jpg,1
unripe (54).jpg,1
unripe (540).jpg,1
unripe (541).jpg,1
unripe (542).jpg,1
unripe (543).jpg,1
unripe (544).jpg,1
unripe (545).jpg,1
unripe (546).jpg,1
unripe (547).jpg,1
unripe (548).jpg,1
unripe (549).jpg,1
unripe (55).jpg,1
unripe (550).jpg,1
unripe (551).jpg,1
unripe (552).jpg,1
unripe (553).jpg,1
unripe (554).jpg,1
unripe (555).jpg,1
unripe (556).jpg,1
unripe (557).jpg,1
unripe (558).jpg,1
unripe (559).jpg,1
unripe (56).jpg,1
unripe (560).jpg,1
unripe (561).jpg,1
unripe (562).jpg,1
unripe (563).jpg,1
unripe (564).jpg,1
unripe (565).jpg,1
unripe (566).jpg,1
unripe (567).jpg,1
unripe (568).jpg,1
unripe (569).jpg,1
unripe (57).jpg,1
unripe (570).jpg,1
unripe (571).jpg,1
unripe (572).jpg,1
unripe (573).jpg,1
unripe (574).jpg,1
unripe (575).jpg,1
unripe (576).jpg,1
unripe (577).jpg,1
unripe (578).jpg,1
unripe (579).jpg,1
unripe (58).jpg,1
unripe (580).jpg,1
unripe (581).jpg,1
unripe (582).jpg,1
unripe (583).jpg,1
unripe (584).jpg,1
unripe (585).jpg,1
unripe (586).jpg,1
unripe (587).jpg,1
unripe (588).jpg,1
unripe (589).jpg,1
unripe (59).jpg,1
unripe (590).jpg,1
unripe (591).jpg,1
unripe (592).jpg,1
unripe (593).jpg,1
unripe (594).jpg,1
unripe (595).jpg,1
unripe (596).jpg,1
unripe (597).jpg,1
unripe (598).jpg,1
unripe (599).jpg,1
unripe (6).jpg,1
unripe (60).jpg,1
unripe (600).jpg,1
unripe (601).jpg,1
unripe (602).jpg,1
unripe (603).jpg,1
unripe (604).jpg,1
unripe (605).jpg,1
unripe (606).jpg,1
unripe (607).jpg,1
unripe (608).jpg,1
unripe (609).jpg,1
unripe (61).jpg,1
unripe (610).jpg,1
unripe (611).jpg,1
unripe (612).jpg,1
unripe (613).jpg,1
unripe (614).jpg,1
unripe (615).jpg,1
unripe (616).jpg,1
unripe (617).jpg,1
unripe (618).jpg,1
unripe (619).jpg,1
unripe (62).jpg,1
unripe (620).jpg,1
unripe (621).jpg,1
unripe (622).jpg,1
unripe (623).jpg,1
unripe (624).jpg,1
unripe (625).jpg,1
unripe (626).jpg,1
unripe (627).jpg,1
unripe (628).jpg,1
unripe (629).jpg,1
unripe (63).jpg,1
unripe (630).jpg,1
unripe (631).jpg,1
unripe (632).jpg,1
unripe (633).jpg,1
unripe (634).jpg,1
unripe (635).jpg,1
unripe (636).jpg,1
unripe (637).jpg,1
unripe (638).jpg,1
unripe (639).jpg,1
unripe (64).jpg,1
unripe (640).jpg,1
unripe (641).jpg,1
unripe (642).jpg,1
unripe (643).jpg,1
unripe (644).jpg,1
unripe (645).jpg,1
unripe (646).jpg,1
unripe (647).jpg,1
unripe (648).jpg,1
unripe (649).jpg,1
unripe (65).jpg,1
unripe (650).jpg,1
unripe (651).jpg,1
unripe (652).jpg,1
unripe (653).jpg,1
unripe (654).jpg,1
unripe (655).jpg,1
unripe (656).jpg,1
unripe (657).jpg,1
unripe (658).jpg,1
unripe (659).jpg,1
unripe (66).jpg,1
unripe (660).jpg,1
unripe (661).jpg,1
unripe (662).jpg,1
unripe (663).jpg,1
unripe (664).jpg,1
unripe (665).jpg,1
unripe (666).jpg,1
unripe (667).jpg,1
unripe (668).jpg,1
unripe (669).jpg,1
unripe (67).jpg,1
unripe (670).jpg,1
unripe (671).jpg,1
unripe (672).jpg,1
unripe (673).jpg,1
unripe (674).jpg,1
unripe (675).jpg,1
unripe (676).jpg,1
unripe (677).jpg,1
unripe (678).jpg,1
unripe (679).jpg,1
unripe (68).jpg,1
unripe (680).jpg,1
unripe (681).jpg,1
unripe (682).jpg,1
unripe (683).jpg,1
unripe (684).jpg,1
unripe (685).jpg,1
unripe (686).jpg,1
unripe (687).jpg,1
unripe (688).jpg,1
unripe (689).jpg,1
unripe (69).jpg,1
unripe (690).jpg,1
unripe (691).jpg,1
unripe (692).jpg,1
unripe (693).jpg,1
unripe (694).jpg,1
unripe (695).jpg,1
unripe (696).jpg,1
unripe (697).jpg,1
unripe (698).jpg,1
unripe (699).jpg,1
unripe (7).jpg,1
unripe (70).jpg,1
unripe (700).jpg,1
unripe (701).jpg,1
unripe (702).jpg,1
unripe (703).jpg,1
unripe (704).jpg,1
unripe (705).jpg,1
unripe (706).jpg,1
unripe (707).jpg,1
unripe (708).jpg,1
unripe (709).jpg,1
unripe (71).jpg,1
unripe (710).jpg,1
unripe (711).jpg,1
unripe (712).jpg,1
unripe (713).jpg,1
unripe (714).jpg,1
unripe (715).jpg,1
unripe (716).jpg,1
unripe (717).jpg,1
unripe (718).jpg,1
unripe (719).jpg,1
unripe (72).jpg,1
unripe (720).jpg,1
unripe (721).jpg,1
unripe (722).jpg,1
unripe (723).jpg,1
unripe (724).jpg,1
unripe (725).jpg,1
unripe (726).jpg,1
unripe (727).jpg,1
unripe (728).jpg,1
unripe (729).jpg,1
unripe (73).jpg,1
unripe (730).jpg,1
unripe (731).jpg,1
unripe (732).jpg,1
unripe (733).jpg,1
unripe (734).jpg,1
unripe (735).jpg,1
unripe (736).jpg,1
unripe (737).jpg,1
unripe (738).jpg,1
unripe (739).jpg,1
unripe (74).jpg,1
unripe (740).jpg,1
unripe (741).jpg,1
unripe (742).jpg,1
unripe (743).jpg,1
unripe (744).jpg,1
unripe (745).jpg,1
unripe (746).jpg,1
unripe (747).jpg,1
unripe (748).jpg,1
unripe (749).jpg,1
unripe (75).jpg,1
unripe (750).jpg,1
unripe (751).jpg,1
unripe (752).jpg,1
unripe (753).jpg,1
unripe (754).jpg,1
unripe (755).jpg,1
unripe (756).jpg,1
unripe (757).jpg,1
unripe (758).jpg,1
unripe (759).jpg,1
unripe (76).jpg,1
unripe (760).jpg,1
unripe (761).jpg,1
unripe (762).jpg,1
unripe (763).jpg,1
unripe (764).jpg,1
unripe (765).jpg,1
unripe (766).jpg,1
unripe (767).jpg,1
unripe (768).jpg,1
unripe (769).jpg,1
unripe (77).jpg,1
unripe (770).jpg,1
unripe (771).jpg,1
unripe (772).jpg,1
unripe (773).jpg,1
unripe (774).jpg,1
unripe (775).jpg,1
unripe (776).jpg,1
unripe (777).jpg,1
unripe (778).jpg,1
unripe (779).jpg,1
unripe (78).jpg,1
unripe (780).jpg,1
unripe (781).jpg,1
unripe (782).jpg,1
unripe (783).jpg,1
unripe (784).jpg,1
unripe (785).jpg,1
unripe (786).jpg,1
unripe (787).jpg,1
unripe (788).jpg,1
unripe (789).jpg,1
unripe (79).jpg,1
unripe (790).jpg,1
unripe (791).jpg,1
unripe (792).jpg,1
unripe (793).jpg,1
unripe (794).jpg,1
unripe (795).jpg,1
unripe (796).jpg,1
unripe (797).jpg,1
unripe (798).jpg,1
unripe (799).jpg,1
unripe (8).jpg,1
unripe (80).jpg,1
unripe (800).jpg,1
unripe (81).jpg,1
unripe (82).jpg,1
unripe (83).jpg,1
unripe (84).jpg,1
unripe (85).jpg,1
unripe (86).jpg,1
unripe (87).jpg,1
unripe (88).jpg,1
unripe (89).jpg,1
unripe (9).jpg,1
unripe (90).jpg,1
unripe (91).jpg,1
unripe (92).jpg,1
unripe (93).jpg,1
unripe (94).jpg,1
unripe (95).jpg,1
unripe (96).jpg,1
unripe (97).jpg,1
unripe (98).jpg,1
unripe (99).jpg,1
